{
  "gesture": "Gojo",
  "hands": 2,
  "allow_partial": true,
  "features": {
    "h0_thumb_index_dist": {
      "min": -0.020740800140662596,
      "max": 0.24053869801583871
    },
    "h0_index_angle": {
      "min": 109.64309341984043,
      "max": 211.23122020434093
    },
    "h0_middle_angle": {
      "min": 111.03189143003436,
      "max": 189.50791507257816
    },
    "h0_ring_angle": {
      "min": 10.606905960736853,
      "max": 137.89494524172522
    },
    "h0_pinky_angle": {
      "min": 18.301554157170813,
      "max": 144.12233154447566
    },
    "h1_thumb_index_dist": {
      "min": 0.014785514027304242,
      "max": 0.21820334265182964
    },
    "h1_index_angle": {
      "min": 159.40637523947262,
      "max": 180.08432281284954
    },
    "h1_middle_angle": {
      "min": 150.42586885356525,
      "max": 163.77781489085714
    },
    "h1_ring_angle": {
      "min": 53.50725753860085,
      "max": 65.78502411304163
    },
    "h1_pinky_angle": {
      "min": 51.00179249179779,
      "max": 75.23393509478731
    }
  },
  "window": 12,
  "vote": 8
}