{
  "gesture": "Mahoraga",
  "hands": 2,
  "features": {
    "h0_thumb_index_dist": {
      "min": 0.01051618886410103,
      "max": 0.054165478956052095
    },
    "h0_index_angle": {
      "min": 8.007813740499628,
      "max": 141.66697340087973
    },
    "h0_middle_angle": {
      "min": -19.442239706413105,
      "max": 111.32724406693775
    },
    "h0_ring_angle": {
      "min": -26.578939169316186,
      "max": 96.85282850696981
    },
    "h0_pinky_angle": {
      "min": -37.68708643630614,
      "max": 101.8844281820671
    },
    "h1_thumb_index_dist": {
      "min": 0.01389818959275653,
      "max": 0.07211279738068291
    },
    "h1_index_angle": {
      "min": -28.07132915449,
      "max": 98.66752073011074
    },
    "h1_middle_angle": {
      "min": -26.70912656651642,
      "max": 58.71607537025136
    },
    "h1_ring_angle": {
      "min": -28.48809894429811,
      "max": 57.201118344281106
    },
    "h1_pinky_angle": {
      "min": -31.127511438221735,
      "max": 62.99157926102694
    }
  },
  "window": 12,
  "vote": 8
}