{
  "gesture": "Sukuna",
  "hands": 2,
  "allow_partial": true,
  "features": {
    "h0_thumb_index_dist": {
      "min": 0.034104889848471195,
      "max": 0.2371259630630282
    },
    "h0_index_angle": {
      "min": 163.06469745635292,
      "max": 188.01371266479748
    },
    "h0_middle_angle": {
      "min": 158.2403603178508,
      "max": 193.42832151124037
    },
    "h0_ring_angle": {
      "min": 29.37181400287659,
      "max": 110.60158227727464
    },
    "h0_pinky_angle": {
      "min": 48.333910868723855,
      "max": 115.74598318393566
    },
    "h1_thumb_index_dist": {
      "min": 0.023753868069418704,
      "max": 0.2821532782933272
    },
    "h1_index_angle": {
      "min": 135.8580287558364,
      "max": 202.2918449677247
    },
    "h1_middle_angle": {
      "min": 133.86315390370018,
      "max": 198.80973813444862
    },
    "h1_ring_angle": {
      "min": 59.288924309069905,
      "max": 133.62114564930746
    },
    "h1_pinky_angle": {
      "min": 71.75484864468203,
      "max": 145.25475809236758
    }
  },
  "window": 12,
  "vote": 8
}